{
    "path": "+-1_20211006-160404_1_167.avi",
    "mtx": [
        [
            3345.292762014969,
            0.0,
            484.0109868573509
        ],
        [
            0.0,
            2807.549891139068,
            340.6434390604505
        ],
        [
            0.0,
            0.0,
            1.0
        ]
    ],
    "dist": [
        [
            2.157752621968946,
            -117.29798522057473,
            -0.10445126877866757,
            0.013730989244064924,
            1609.5997579932118
        ]
    ],
    "rvecs": [
        [
            [
                -0.6010680767736423
            ],
            [
                -0.3648885290049222
            ],
            [
                1.3670943322065667
            ]
        ],
        [
            [
                0.7889037902112697
            ],
            [
                0.16709636857682011
            ],
            [
                2.4585288137908403
            ]
        ],
        [
            [
                -0.8159242228953145
            ],
            [
                -0.2325501049098918
            ],
            [
                2.6812569225262846
            ]
        ],
        [
            [
                -0.5319539770382968
            ],
            [
                -0.763446654427025
            ],
            [
                1.4252058360655284
            ]
        ],
        [
            [
                -0.5193416846054031
            ],
            [
                -0.8462449039336307
            ],
            [
                1.3958128109112697
            ]
        ],
        [
            [
                -0.6551284812631407
            ],
            [
                -0.4905495851170986
            ],
            [
                2.032323325135248
            ]
        ],
        [
            [
                -0.7997437330478371
            ],
            [
                -0.3491497160315412
            ],
            [
                2.363014415560832
            ]
        ],
        [
            [
                -0.9080562773756832
            ],
            [
                -0.2876842650729637
            ],
            [
                2.3426299488931663
            ]
        ],
        [
            [
                0.28209336750036934
            ],
            [
                0.4749681087402958
            ],
            [
                1.4768739165033167
            ]
        ],
        [
            [
                0.2824064687793303
            ],
            [
                0.4672205838506288
            ],
            [
                1.4956694784369715
            ]
        ],
        [
            [
                0.3072371796624463
            ],
            [
                0.4608111331627
            ],
            [
                1.4764294060351673
            ]
        ],
        [
            [
                0.3903146465227922
            ],
            [
                0.42937318477768005
            ],
            [
                1.7163536092110292
            ]
        ],
        [
            [
                0.45331727877686595
            ],
            [
                0.39123365881023864
            ],
            [
                1.9478363478602974
            ]
        ],
        [
            [
                0.47831653943526065
            ],
            [
                0.33505948599006535
            ],
            [
                2.1098134075468353
            ]
        ],
        [
            [
                -0.7596188384992989
            ],
            [
                -0.10472001116354725
            ],
            [
                -2.9883414277456004
            ]
        ],
        [
            [
                0.3909884128713365
            ],
            [
                0.4661423213912361
            ],
            [
                1.6627288799933244
            ]
        ],
        [
            [
                0.3608944867417129
            ],
            [
                0.47231788063725744
            ],
            [
                1.530648266238331
            ]
        ],
        [
            [
                0.3594839351165936
            ],
            [
                0.47234321254629014
            ],
            [
                1.527426167211083
            ]
        ],
        [
            [
                0.39153054857998537
            ],
            [
                0.4674280514150569
            ],
            [
                1.5956954346715368
            ]
        ],
        [
            [
                0.4034754321384557
            ],
            [
                0.45469963181498596
            ],
            [
                1.6379537793275012
            ]
        ],
        [
            [
                -0.25784751480962126
            ],
            [
                -0.36391352023493345
            ],
            [
                0.5775717354065306
            ]
        ],
        [
            [
                -0.5153909954489291
            ],
            [
                -0.2679520080509587
            ],
            [
                1.959510222821334
            ]
        ],
        [
            [
                -0.7382213628001745
            ],
            [
                0.007978711069024026
            ],
            [
                2.8747526922424766
            ]
        ],
        [
            [
                0.7040274818989951
            ],
            [
                -0.16069593010350214
            ],
            [
                -2.924821145381687
            ]
        ],
        [
            [
                -0.4316471512064827
            ],
            [
                -0.39832466340093575
            ],
            [
                1.481788261618895
            ]
        ],
        [
            [
                -0.5659218711655303
            ],
            [
                -0.2721259284326174
            ],
            [
                1.895446924466046
            ]
        ],
        [
            [
                0.13652906173432489
            ],
            [
                0.6474652699868026
            ],
            [
                0.6353288003111681
            ]
        ],
        [
            [
                -0.8133124093187654
            ],
            [
                0.0993828955694146
            ],
            [
                2.97569435024068
            ]
        ],
        [
            [
                0.6564889937689145
            ],
            [
                0.5271101382720037
            ],
            [
                1.5278969160146478
            ]
        ],
        [
            [
                0.6175790567416208
            ],
            [
                0.5218810448699438
            ],
            [
                1.4622297298674274
            ]
        ],
        [
            [
                0.6388946228494404
            ],
            [
                0.5244895169783531
            ],
            [
                1.4463417639538865
            ]
        ],
        [
            [
                0.6099382841797528
            ],
            [
                0.38857216269571593
            ],
            [
                1.448574850306175
            ]
        ],
        [
            [
                0.25323814818617374
            ],
            [
                0.5171645049481239
            ],
            [
                0.4647542413576173
            ]
        ],
        [
            [
                -0.4856418332827815
            ],
            [
                -0.2518966085323806
            ],
            [
                1.5903920749753422
            ]
        ],
        [
            [
                0.7609747976518999
            ],
            [
                0.4385867954980626
            ],
            [
                1.496430217765643
            ]
